mid,AdministrativeDistrict
50035196,Wong Tai Sin
50047662,Tsuen Wan
50052172,Wong Tai Sin
50087562,Kwai Tsing
50089988,Sham Shui Po
50097503,Eastern
50160755,Yau Tsim Mong
50161202,Tuen Mun
50165004,Sha Tin
50165570,Sha Tin
50168946,Sha Tin
50178707,Sha Tin
50182957,Eastern
50188977,Yau Tsim Mong
50193299,Tuen Mun
50194947,Yau Tsim Mong
50210118,Tuen Mun
50213476,Tuen Mun
50220565,Yau Tsim Mong
50243895,Yau Tsim Mong
50262206,Yau Tsim Mong
50263048,Yau Tsim Mong
50263300,Yau Tsim Mong
51123885,Sham Shui Po
54351489,Sha Tin
54478238,Yau Tsim Mong
54494761,Yau Tsim Mong
55145065,Sham Shui Po
55158358,Sham Shui Po
55162964,Sham Shui Po
55167472,Sham Shui Po
55187384,Sham Shui Po
55204950,Wan Chai
55205904,Wan Chai
55206456,Wan Chai
55209737,Wan Chai
55210886,Wan Chai
55213546,Wan Chai
55213974,Wan Chai
55227318,Wan Chai
55286763,Kwai Tsing
55316063,Kwai Tsing
55359291,Kwai Tsing
55360604,Kwai Tsing
55377379,Sha Tin
57903917,Sham Shui Po
57904391,Sham Shui Po
57921809,Sham Shui Po
424863846,Kwun Tong
424949821,Kwun Tong
424949801,Kwun Tong
425049416,Kwun Tong
425053188,Kwun Tong
425059233,Kwun Tong
425076032,Kwun Tong
425116160,Kwun Tong
425167781,Kwun Tong
425694738,Wong Tai Sin
425695027,Wong Tai Sin
425702414,Wong Tai Sin
430449072,Tsuen Wan
430466495,Tsuen Wan
430522669,Tsuen Wan
430576456,Tsuen Wan
463577273,Central and Western
463584055,Central and Western
463584032,Central and Western
463584500,Central and Western
463593484,Central and Western
463606939,Central and Western
463616375,Central and Western
463617046,Central and Western
463620424,Central and Western
463622426,Central and Western
463633969,Wan Chai
463638502,Central and Western
463823690,Central and Western
463848568,Central and Western
463874881,Central and Western
464264232,Wan Chai
464321390,Wan Chai
464336764,Wan Chai
464371219,Wan Chai
464461397,Yau Tsim Mong
464463389,Yau Tsim Mong
464973119,Yau Tsim Mong
465326439,Yau Tsim Mong
465803522,Eastern
465806643,Eastern
476040057,Yau Tsim Mong
476041925,Yau Tsim Mong
476042613,Yau Tsim Mong
481524537,Yau Tsim Mong
497672127,Yau Tsim Mong
497996040,Yau Tsim Mong
508170274,Wan Chai
508185645,Wan Chai
508193322,Wan Chai
508208686,Wan Chai
508208691,Wan Chai
508523538,Wan Chai
508564153,Wan Chai
508588130,Wan Chai
508596517,Wan Chai
508596822,Wan Chai
508600373,Wan Chai
546457994,Central and Western
546459152,Central and Western
546460215,Central and Western
546465325,Central and Western
546467904,Central and Western
546489968,Central and Western
546493208,Central and Western
546501179,Central and Western
546552585,Central and Western
546622014,Central and Western
546635558,Wan Chai
546654774,Wan Chai
546668039,Wan Chai
546676094,Wan Chai
546700276,Wan Chai
547073298,Wan Chai
547074139,Wan Chai
547783156,Eastern
579638444,Tuen Mun
579638769,Tuen Mun
579793921,Tuen Mun
580723894,Yuen Long
581046652,Yuen Long
581054095,Yuen Long
581059236,Yuen Long
581061882,Yuen Long
581647482,Sai Kung
581651224,Sai Kung
581675567,Sai Kung
585410304,Sha Tin
585412358,Sha Tin
585438726,Sha Tin
585441017,Sha Tin
585444111,Sha Tin
619207965,Central and Western
623028513,Wan Chai
623247873,Wan Chai
623251028,Wan Chai
623265565,Wan Chai
623315198,Wan Chai
623316888,Wan Chai
623319323,Wan Chai
623586168,Wan Chai
623595026,Wan Chai
623599734,Central and Western
623599858,Central and Western
623606874,Central and Western
623607188,Central and Western
623607209,Central and Western
623636375,Central and Western
623647361,Central and Western
623647479,Central and Western
623665817,Central and Western
623694309,Central and Western
623711862,Wan Chai
623718570,Central and Western
623731044,Central and Western
623758102,Wan Chai
623761946,Wan Chai
623807844,Central and Western
623819545,Central and Western
623824477,Central and Western
623836283,Wan Chai
623851658,Central and Western
623852106,Central and Western
623865653,Central and Western
623865620,Central and Western
623884820,Wan Chai
623888845,Central and Western
623928042,Central and Western
623931054,Central and Western
623932641,Central and Western
623942408,Central and Western
623949547,Central and Western
623973124,Wan Chai
623973128,Wan Chai
623980823,Central and Western
623992335,Wan Chai
624153629,Wan Chai
624163008,Wan Chai
624211438,Wan Chai
624213998,Wan Chai
624215077,Wan Chai
624312875,Wan Chai
624313078,Wan Chai
624326425,Wan Chai
624330258,Wan Chai
624357176,Wan Chai
624399389,Wan Chai
624403263,Wan Chai
624480060,Wan Chai
624483902,Wan Chai
624722068,Wan Chai
624725625,Wan Chai
624771201,Wan Chai
624775697,Wan Chai
624782263,Wan Chai
624798725,Wan Chai
634266646,Tuen Mun
634268413,Wong Tai Sin
634272577,Wong Tai Sin
634346704,Wong Tai Sin
634344933,Wong Tai Sin
634347841,Wong Tai Sin
634351363,Wong Tai Sin
634361519,Wong Tai Sin
634371620,Wong Tai Sin
634402479,Wong Tai Sin
634405779,Wong Tai Sin
634408368,Wong Tai Sin
634411216,Sha Tin
634424178,Sha Tin
634425034,Sha Tin
634427044,Sha Tin
634435930,Sha Tin
634658957,Wong Tai Sin
634445773,Wong Tai Sin
634483965,Wong Tai Sin
634484462,Wong Tai Sin
634489694,Wan Chai
634506174,Eastern
634516248,Tuen Mun
634517740,Tuen Mun
634520121,Tuen Mun
634540204,Tuen Mun
634548928,Tuen Mun
634563426,Sha Tin
634573530,Tuen Mun
634576522,Tuen Mun
634576587,Sha Tin
634632728,Sha Tin
634582039,Wong Tai Sin
634589642,Tsuen Wan
634593398,Tuen Mun
634596279,Tuen Mun
634596472,Tsuen Wan
634596981,Tuen Mun
634598608,Tsuen Wan
634604506,Tuen Mun
634613593,Wong Tai Sin
634619532,Wong Tai Sin
634628505,Wong Tai Sin
634630998,Wong Tai Sin
634628809,Wong Tai Sin
634630602,Wong Tai Sin
634631095,Wong Tai Sin
634634661,Tsuen Wan
634635771,Wong Tai Sin
634656028,Eastern
634642924,Wong Tai Sin
634653846,Sha Tin
634650087,Sha Tin
634651170,Sha Tin
634652044,Tsuen Wan
634661153,Wong Tai Sin
634656013,Wong Tai Sin
634662028,Tsuen Wan
634666274,Wong Tai Sin
634666682,Tsuen Wan
634692610,Sha Tin
634708553,Wong Tai Sin
634699928,Tsuen Wan
634702056,Tsuen Wan
634712106,Tsuen Wan
634714713,Tsuen Wan
634714485,Tsuen Wan
634716382,Sha Tin
634764536,Central and Western
634722983,Tsuen Wan
634721361,Tsuen Wan
634722639,Tsuen Wan
634738125,Wong Tai Sin
634739182,Tsuen Wan
634744117,Wong Tai Sin
634749152,Wong Tai Sin
634745415,Tsuen Wan
634750986,Yau Tsim Mong
634751477,Sha Tin
634764366,Central and Western
634753309,Yau Tsim Mong
634760923,Wong Tai Sin
634772731,Central and Western
634772679,Central and Western
634774337,Tuen Mun
634775187,Tuen Mun
634786058,Yau Tsim Mong
634787339,Sha Tin
634788822,Yau Tsim Mong
634791927,Central and Western
634809164,Wan Chai
634803992,Tuen Mun
634807707,Sha Tin
634819708,Wan Chai
634810667,Tuen Mun
634811706,Wan Chai
634812894,Central and Western
634819499,Tsuen Wan
634821979,Tsuen Wan
634822952,Wan Chai
634828159,Central and Western
634850092,Wan Chai
634833544,Sha Tin
634840599,Tuen Mun
634843502,Central and Western
634843656,Wong Tai Sin
634856655,Kowloon City
634860747,Wong Tai Sin
634861015,Wong Tai Sin
634869524,Wong Tai Sin
634878276,Wan Chai
634880735,Wong Tai Sin
634883437,Tsuen Wan
634885903,Wong Tai Sin
634889544,Wong Tai Sin
634890712,Wong Tai Sin
634892470,Sham Shui Po
634895634,Sha Tin
634895726,Sham Shui Po
634897745,Sha Tin
634898535,Wan Chai
634905688,Sham Shui Po
634907729,Sham Shui Po
634923545,Tsuen Wan
634923746,Wan Chai
634923864,Tsuen Wan
634924711,Tsuen Wan
634926735,Tsuen Wan
634933875,Wan Chai
634943904,Wan Chai
634945842,Central and Western
634966575,Tuen Mun
634968519,Sham Shui Po
634978233,Wan Chai
635012677,Wan Chai
634980187,Sha Tin
634992008,Wan Chai
635002008,Wan Chai
635003615,Wan Chai
635043949,Wan Chai
635032614,Tuen Mun
635042918,Yau Tsim Mong
635062806,Tuen Mun
635049800,Yau Tsim Mong
635051663,Yau Tsim Mong
635056367,Sha Tin
635057850,Wong Tai Sin
635062725,Tuen Mun
635064850,Tuen Mun
635072145,Yau Tsim Mong
635077209,Wong Tai Sin
635085885,Tuen Mun
635092580,Wan Chai
635102107,Wong Tai Sin
635106576,Wong Tai Sin
635107501,Sham Shui Po
635110865,Wong Tai Sin
635112512,Sham Shui Po
635116333,Wong Tai Sin
635116854,Sha Tin
635126932,Wong Tai Sin
635130925,Sha Tin
635157498,Wong Tai Sin
635153510,Wong Tai Sin
635164493,Wong Tai Sin
635176576,Wan Chai
635176772,Wan Chai
635179251,Wong Tai Sin
635245381,Sha Tin
635262614,Kwai Tsing
635283819,Tuen Mun
635367701,Yau Tsim Mong
635385762,Wan Chai
635386891,Wan Chai
635403909,Sham Shui Po
635407614,Wan Chai
635443410,Wan Chai
635469264,Wan Chai
635498099,Wan Chai
635498481,Wan Chai
635817239,Yau Tsim Mong
635846427,Yau Tsim Mong
635924485,Yau Tsim Mong
635954277,Yau Tsim Mong
635989104,Yau Tsim Mong
636025546,Eastern
636282905,Yau Tsim Mong
636284522,Yau Tsim Mong
636318136,Yau Tsim Mong
636309264,Yau Tsim Mong
636327357,Yau Tsim Mong
636568911,Yau Tsim Mong
636570246,Yau Tsim Mong
636664657,Yau Tsim Mong
641506235,Tsuen Wan
641508711,Tsuen Wan
641509332,Tsuen Wan
642269705,Sha Tin
642268014,Sha Tin
642269529,Sha Tin
642270895,Sha Tin
642315978,Sha Tin
642316009,Sha Tin
642321127,Sha Tin
642631156,Sha Tin
642633328,Sha Tin
642670985,Sha Tin
642671650,Sha Tin
646798494,Sha Tin
647137754,Eastern
647155211,Eastern
647423502,Eastern
647425124,Eastern
647425385,Eastern
652476698,Wong Tai Sin
652481531,Wong Tai Sin
652486436,Wong Tai Sin
652633323,Sha Tin
652626345,Sha Tin
652626267,Sha Tin
652661885,Southern
652662862,Southern
652663656,Wan Chai
652664173,Wan Chai
652664739,Southern
652665343,Tuen Mun
652665437,Sha Tin
652666179,Wan Chai
652669590,Wan Chai
652686056,Wong Tai Sin
652713629,Sha Tin
652717424,Tuen Mun
652717910,Sha Tin
652731641,Sha Tin
652723650,Southern
652725314,Tuen Mun
652727178,Tuen Mun
652736272,Sha Tin
652742627,Southern
652759955,Wong Tai Sin
652828146,Tsuen Wan
652844582,Tuen Mun
652845235,Tsuen Wan
652874676,Wong Tai Sin
652893517,Southern
652893698,Yuen Long
652910749,Wong Tai Sin
652902167,Tsuen Wan
652951704,Wong Tai Sin
652934260,Wong Tai Sin
652971059,Wong Tai Sin
652971182,Wong Tai Sin
652971919,Wong Tai Sin
652988524,Wong Tai Sin
652989202,Wong Tai Sin
652989416,Wong Tai Sin
652989639,Wong Tai Sin
652990485,Tuen Mun
652990985,Wong Tai Sin
653022948,Wong Tai Sin
653018752,Tuen Mun
653037568,Kwai Tsing
653038863,Kwai Tsing
653061375,Sha Tin
653064824,Sha Tin
653081968,Sha Tin
653270755,Wong Tai Sin
662249778,Central and Western
662246360,Central and Western
662470327,Central and Western
662473454,Wan Chai
662481865,Central and Western
662489738,Yau Tsim Mong
662490413,Yau Tsim Mong
662492144,Yau Tsim Mong
662499509,Central and Western
662499831,Yau Tsim Mong
662501847,Central and Western
662507617,Central and Western
662511264,Wan Chai
662512936,Wan Chai
662522709,Wan Chai
662532801,Central and Western
662533342,Central and Western
662533317,Central and Western
662533592,Central and Western
662537699,Central and Western
662534699,Central and Western
662539821,Central and Western
662548324,Wan Chai
662549153,Wan Chai
662550696,Yau Tsim Mong
662555858,Yau Tsim Mong
662564918,Wan Chai
662573785,Wan Chai
662575054,Wan Chai
662603666,Wan Chai
662605835,Wan Chai
662611056,Sham Shui Po
662613686,Wan Chai
662626335,Sham Shui Po
662638658,Sham Shui Po
662639327,Sham Shui Po
662660021,Wan Chai
662660620,Wan Chai
662688433,Wan Chai
662670875,Wan Chai
662683603,Wan Chai
662685073,Wan Chai
662689271,Sham Shui Po
662690577,Wan Chai
662761745,Wan Chai
662852040,Sham Shui Po
663058805,Wan Chai
663062127,Yau Tsim Mong
663064791,Yau Tsim Mong
663113634,Yau Tsim Mong
663114102,Yau Tsim Mong
663114193,Yau Tsim Mong
663157712,Kowloon City
663159608,Yau Tsim Mong
663162969,Yau Tsim Mong
663229398,Wong Tai Sin
668664230,Yau Tsim Mong
668664203,Yau Tsim Mong
668920868,Yau Tsim Mong
668924406,Yau Tsim Mong
668973042,Yau Tsim Mong
669050062,Sai Kung
669050543,Sai Kung
669170731,Sai Kung
669173149,Sai Kung
669192507,Sai Kung
669217374,Sai Kung
669233416,Sai Kung
669233959,Yuen Long
669235107,Yuen Long
669260821,Sai Kung
669296735,Sai Kung
669297685,Sai Kung
669298033,Sai Kung
669305763,Sai Kung
669382409,Sai Kung
669478289,Sha Tin
669478692,Sha Tin
669485826,Sha Tin
669498095,Sha Tin
669498686,Sha Tin
701051095,Sha Tin
701200536,Sha Tin
701076987,Tsuen Wan
701101342,Tsuen Wan
701081862,Tsuen Wan
701173658,Tsuen Wan
701174946,Tsuen Wan
701194400,Sha Tin
701235380,Tsuen Wan
701440643,Sha Tin
701477462,Tuen Mun
701703085,Tsuen Wan
701711307,Tsuen Wan
702067629,Tai Po
704224039,
739563394,Yau Tsim Mong
739565311,Yau Tsim Mong
739565404,Yau Tsim Mong
739568949,Yau Tsim Mong
739576257,Yau Tsim Mong
739583398,Yau Tsim Mong
739597108,Yau Tsim Mong
739607779,Yau Tsim Mong
739610016,Yau Tsim Mong
739616918,Yau Tsim Mong
739638035,Yau Tsim Mong
739646729,Yau Tsim Mong
739647633,Yau Tsim Mong
739653355,Yau Tsim Mong
739685287,Yau Tsim Mong
739695267,Yau Tsim Mong
739718685,Yau Tsim Mong
739718947,Yau Tsim Mong
739741190,Yau Tsim Mong
739770387,Yau Tsim Mong
739769268,Yau Tsim Mong
739816989,Yau Tsim Mong
739817097,Yau Tsim Mong
739818194,Yau Tsim Mong
739830806,Yau Tsim Mong
739842049,Yau Tsim Mong
739875456,Yau Tsim Mong
739881178,Yau Tsim Mong
739947401,Yau Tsim Mong
739959993,Yau Tsim Mong
739964427,Yau Tsim Mong
739975889,Yau Tsim Mong
739977403,Yau Tsim Mong
739978447,Yau Tsim Mong
739983436,Yau Tsim Mong
739983508,Yau Tsim Mong
739993379,Yau Tsim Mong
739994013,Yau Tsim Mong
740034029,Yau Tsim Mong
740034951,Yau Tsim Mong
740034967,Yau Tsim Mong
740039542,Yau Tsim Mong
740039833,Yau Tsim Mong
740040938,Yau Tsim Mong
740060092,Yau Tsim Mong
740074412,Yau Tsim Mong
740097544,Yau Tsim Mong
740155889,Yau Tsim Mong
740156640,Yau Tsim Mong
740183169,Yau Tsim Mong
740184407,Yau Tsim Mong
740195348,Sham Shui Po
740197990,Sham Shui Po
740201055,Sham Shui Po
740201314,Sham Shui Po
740205852,Yau Tsim Mong
740213303,Yau Tsim Mong
740236110,Yau Tsim Mong
740236806,Yau Tsim Mong
740267533,Yau Tsim Mong
740312388,Yau Tsim Mong
740395168,Yau Tsim Mong
740405410,Yau Tsim Mong
740472678,Yau Tsim Mong
740511166,Yau Tsim Mong
740515319,Yau Tsim Mong
740511319,Yau Tsim Mong
740537742,Yau Tsim Mong
740553192,Yau Tsim Mong
740555088,Yau Tsim Mong
740750560,Yau Tsim Mong
740750934,Yau Tsim Mong
740763603,Sham Shui Po
740766131,Sham Shui Po
740786231,Yau Tsim Mong
740790272,Yau Tsim Mong
740792888,Yau Tsim Mong
741005731,Yau Tsim Mong
741006775,Yau Tsim Mong
741006843,Yau Tsim Mong
741007840,Yau Tsim Mong
741020324,Yau Tsim Mong
741391697,Yau Tsim Mong
741430156,Yau Tsim Mong
746529954,Yuen Long
746542004,Yuen Long
746529844,Yuen Long
746541003,Yuen Long
746531000,Yuen Long
746591143,Yuen Long
746587497,Yuen Long
746589742,Yuen Long
746601086,Yuen Long
746638385,Yuen Long
746669221,Yuen Long
746674638,Yuen Long
746779288,Yuen Long
746772036,Yuen Long
746773855,Yuen Long
746774161,Yuen Long
746810798,Yuen Long
746810875,Yuen Long
746816865,Yuen Long
746854686,Yuen Long
746854971,Yuen Long
746865760,Yuen Long
746860522,Yuen Long
746860607,Yuen Long
746864540,Yuen Long
746882696,Yuen Long
746874267,Yuen Long
746893771,Yuen Long
746897481,Yuen Long
746915436,Yuen Long
747062749,Yuen Long
747075063,Yuen Long
747089298,Yuen Long
747090548,Yuen Long
747140336,Yuen Long
747127603,Yuen Long
747130534,Yuen Long
747138647,Yuen Long
747188206,Yuen Long
747188309,Yuen Long
747190643,Yuen Long
747201026,Yuen Long
747202194,Yuen Long
747202775,Yuen Long
747263825,Yuen Long
747270324,Yuen Long
774777631,Yuen Long
774779122,Yuen Long
774796311,Yuen Long
774843378,Yuen Long
774969247,Yuen Long
778365175,Yau Tsim Mong
778388916,Yau Tsim Mong
778385304,Yau Tsim Mong
778407360,Yau Tsim Mong
778409355,Yau Tsim Mong
778433416,Yau Tsim Mong
779009507,Yau Tsim Mong
779011100,Yau Tsim Mong
779077812,Yau Tsim Mong
779107366,Yau Tsim Mong
779110470,Yau Tsim Mong
779145649,Yau Tsim Mong
779227676,Yau Tsim Mong
779245105,Yau Tsim Mong
779246824,Yau Tsim Mong
779252748,Yau Tsim Mong
779292500,Yau Tsim Mong
779294417,Yau Tsim Mong
779295578,Yau Tsim Mong
779308706,Yau Tsim Mong
779309578,Yau Tsim Mong
779309756,Yau Tsim Mong
779311099,Yau Tsim Mong
779312522,Yau Tsim Mong
779313190,Yau Tsim Mong
779386704,Yau Tsim Mong
779387389,Yau Tsim Mong
779410499,Yau Tsim Mong
779408393,Yau Tsim Mong
779538698,Yau Tsim Mong
779532940,Yau Tsim Mong
779535357,Yau Tsim Mong
779642609,Yau Tsim Mong
779641363,Yau Tsim Mong
779641700,Yau Tsim Mong
779642118,Yau Tsim Mong
779642183,Yau Tsim Mong
779642869,Yau Tsim Mong
779645143,Yau Tsim Mong
779647697,Yau Tsim Mong
779648773,Kowloon City
779650640,Yau Tsim Mong
779654647,Yau Tsim Mong
779654980,Yau Tsim Mong
779655486,Yau Tsim Mong
779656740,Yau Tsim Mong
779680219,Yau Tsim Mong
779702163,Yau Tsim Mong
779886521,Yau Tsim Mong
779888155,Yau Tsim Mong
779888666,Yau Tsim Mong
779889280,Yau Tsim Mong
779926484,Yau Tsim Mong
779967148,Yau Tsim Mong
779967213,Yau Tsim Mong
780059331,Yau Tsim Mong
780059402,Yau Tsim Mong
780191091,Yau Tsim Mong
780199235,Yau Tsim Mong
780199764,Yau Tsim Mong
780201944,Yau Tsim Mong
780275474,Yau Tsim Mong
780631654,Yau Tsim Mong
780631763,Yau Tsim Mong
780769890,Yau Tsim Mong
784061834,Tuen Mun
784104111,Tuen Mun
784114386,Tuen Mun
784153739,Tuen Mun
784238789,Tuen Mun
785436522,Tuen Mun
785438426,Tuen Mun
785441445,Tuen Mun
785444334,Tuen Mun
785444674,Tuen Mun
785469259,Tuen Mun
785469548,Tuen Mun
785469921,Tuen Mun
785470108,Tuen Mun
785471714,Tuen Mun
785473760,Tuen Mun
785476177,Tuen Mun
785780139,Tuen Mun
785777176,Tuen Mun
786099875,Tuen Mun
786080263,Tuen Mun
786080782,Tuen Mun
801310070,Yau Tsim Mong
801310440,Yau Tsim Mong
801373087,Yau Tsim Mong
801348689,Yau Tsim Mong
801417136,Yau Tsim Mong
801446310,Yau Tsim Mong
801450899,Yau Tsim Mong
801598199,Yau Tsim Mong
801632353,Yau Tsim Mong
801637858,Yau Tsim Mong
801670221,Yau Tsim Mong
801670741,Yau Tsim Mong
801735650,Yau Tsim Mong
801772504,Yau Tsim Mong
801791228,Yau Tsim Mong
801793971,Yau Tsim Mong
801809303,Yau Tsim Mong
801896808,Yau Tsim Mong
801921342,Yau Tsim Mong
801921907,Yau Tsim Mong
801923445,Yau Tsim Mong
801925614,Yau Tsim Mong
801933513,Yau Tsim Mong
801960084,Central and Western
801961014,Yau Tsim Mong
801962961,Central and Western
801973927,Yau Tsim Mong
801976997,Central and Western
801987943,Yau Tsim Mong
802018312,Central and Western
802019635,Central and Western
802029882,Yau Tsim Mong
802031443,Yau Tsim Mong
802095984,Yau Tsim Mong
802096296,Yau Tsim Mong
802100989,Yau Tsim Mong
802143613,Yau Tsim Mong
802165441,Yau Tsim Mong
802174827,Yau Tsim Mong
802209197,Yau Tsim Mong
802210749,Yau Tsim Mong
802276060,Yau Tsim Mong
802280650,Yau Tsim Mong
802346886,Yau Tsim Mong
802353634,Yau Tsim Mong
802404785,Yau Tsim Mong
802444317,Yau Tsim Mong
802457689,Yau Tsim Mong
802493734,Yau Tsim Mong
802563545,Yau Tsim Mong
802575857,Yau Tsim Mong
802603570,Yau Tsim Mong
811561658,Wan Chai
811610963,Wan Chai
811590303,Wan Chai
811597423,Wan Chai
811601750,Wan Chai
811601825,Wan Chai
811602234,Wan Chai
811602350,Wan Chai
811630227,Eastern
811632703,Wan Chai
811633025,Wan Chai
811633213,Eastern
811633517,Eastern
811633744,Eastern
811635077,Wan Chai
811637350,Eastern
811638304,Eastern
811638566,Eastern
811638895,Eastern
811640446,Wan Chai
811641112,Wan Chai
811650756,Wan Chai
811658011,Wan Chai
811693021,Wan Chai
811666133,Eastern
811672249,Wan Chai
811719276,Wan Chai
811735328,Wan Chai
811747745,Wan Chai
811757000,Wan Chai
811764789,Wan Chai
811766261,Wan Chai
811770173,Wan Chai
811816786,Wan Chai
811841642,Wan Chai
811855759,Wan Chai
811883268,Wan Chai
811885516,Wan Chai
811886178,Wan Chai
811887092,Wan Chai
811907580,Wan Chai
811922931,Wan Chai
811925713,Wan Chai
811929410,Wan Chai
811931488,Wan Chai
811937805,Wan Chai
811939581,Wan Chai
811952716,Wan Chai
811958260,Wan Chai
811958762,Wan Chai
811959582,Wan Chai
811965296,Wan Chai
811979094,Wan Chai
811984764,Wan Chai
812010538,Central and Western
811990214,Wan Chai
811999385,Wan Chai
811995182,Wan Chai
811995164,Wan Chai
812002873,Central and Western
812012073,Wan Chai
812013557,Wan Chai
812020094,Wan Chai
812026950,Wan Chai
812028302,Wan Chai
812030523,Wan Chai
812031307,Wan Chai
812035734,Wan Chai
812035785,Wan Chai
812050929,Central and Western
812052031,Central and Western
812081097,Central and Western
812086537,Central and Western
812095319,Wan Chai
812098830,Central and Western
812099050,Central and Western
812101434,Wan Chai
812106687,Wan Chai
812109847,Central and Western
812126227,Central and Western
812152060,Central and Western
812141295,Central and Western
812150193,Central and Western
812154204,Wan Chai
812154771,Central and Western
812156969,Central and Western
812172130,Central and Western
812176301,Central and Western
812182911,Central and Western
812191304,Wan Chai
812205552,Central and Western
812209523,Central and Western
812211491,Central and Western
812222457,Central and Western
812224529,Central and Western
812225448,Central and Western
812233401,Central and Western
812237725,Central and Western
812242810,Central and Western
812254278,Central and Western
812270932,Wan Chai
812260070,Wan Chai
812276545,Central and Western
812310841,Wan Chai
812306517,Wan Chai
812308628,Wan Chai
812309343,Wan Chai
812330076,Wan Chai
812348564,Wan Chai
812353961,Central and Western
812410349,Central and Western
812412375,Central and Western
812395333,Wan Chai
812398558,Wan Chai
812400422,Wan Chai
812400877,Wan Chai
812408644,Wan Chai
812415436,Wan Chai
812423721,Central and Western
812425354,Central and Western
812490946,Wan Chai
812619676,Wan Chai
812621996,Wan Chai
812623320,Wan Chai
812634120,Wan Chai
812632473,Wan Chai
812642810,Wan Chai
812687744,Wan Chai
812694551,Wan Chai
812704480,Wan Chai
812757439,Wan Chai
812757708,Wan Chai
812768744,Wan Chai
812774576,Wan Chai
812768676,Wan Chai
812793408,Wan Chai
812849711,Wan Chai
812892948,Wan Chai
812895550,Wan Chai
812946887,Wan Chai
812974408,Wan Chai
813050527,Yau Tsim Mong
813101822,Yau Tsim Mong
813102665,Yau Tsim Mong
813104337,Yau Tsim Mong
813107495,Yau Tsim Mong
813111256,Yau Tsim Mong
813112153,Yau Tsim Mong
813407872,Yau Tsim Mong
813413500,Yau Tsim Mong
813408024,Yau Tsim Mong
813408863,Yau Tsim Mong
813437426,Yau Tsim Mong
813439648,Yau Tsim Mong
813439746,Yau Tsim Mong
813445608,Yau Tsim Mong
813498598,Yau Tsim Mong
813638098,Yau Tsim Mong
813672560,Yau Tsim Mong
813771111,Yau Tsim Mong
813768013,Yau Tsim Mong
813769832,Yau Tsim Mong
814091334,Yau Tsim Mong
814092700,Yau Tsim Mong
814095955,Yau Tsim Mong
814105175,Yau Tsim Mong
814106942,Yau Tsim Mong
817376179,Wong Tai Sin
818573727,Eastern
818580355,Eastern
818617209,Eastern
818605634,Eastern
818574261,Eastern
818579995,Eastern
818603523,Eastern
818604142,Eastern
819103625,Sai Kung
819151440,Sai Kung
819151734,Sai Kung
819152712,Sai Kung
819167392,Sai Kung
819168264,Sai Kung
819201311,Sai Kung
819184837,Sai Kung
819184573,Sai Kung
819184847,Sai Kung
819203461,Sai Kung
819197277,Sai Kung
819197924,Sai Kung
819208813,Sai Kung
819208939,Sai Kung
819213128,Sai Kung
819217545,Sai Kung
819223793,Sai Kung
819228329,Sai Kung
819242236,Sai Kung
819250911,Sai Kung
819251190,Sai Kung
819265132,Sai Kung
819265165,Sai Kung
819273065,Sai Kung
819325397,Sai Kung
819325587,Sai Kung
819326877,Sai Kung
819340842,Sai Kung
819367119,Sai Kung
819391636,Sai Kung
819393058,Sai Kung
829857360,Sai Kung
830220563,Sai Kung
830315801,Sai Kung
830312150,Sai Kung
830312614,Sai Kung
846110543,Southern
846163840,Yau Tsim Mong
846210883,Sha Tin
846253913,Eastern
846240656,Eastern
846245886,Eastern
846247370,Eastern
846264434,Eastern
846263147,Eastern
846265862,Eastern
846357738,Tsuen Wan
846361621,Tsuen Wan
846396201,Tai Po
846419665,Tai Po
846499524,Yuen Long
846503968,Yuen Long
846517693,Yuen Long
846523278,Yuen Long
846573426,Tsuen Wan
846605911,Yau Tsim Mong
846608511,Sai Kung
846634409,Kowloon City
846636410,Tsuen Wan
846703405,Sai Kung
846655299,Sai Kung
846678811,Yuen Long
846684317,Tai Po
846699046,Yau Tsim Mong
846703144,Yau Tsim Mong
846787233,Yau Tsim Mong
846787179,Yau Tsim Mong
846831920,Yau Tsim Mong
846854612,Yau Tsim Mong
846883351,Yau Tsim Mong
846989173,Yau Tsim Mong
846935616,Yau Tsim Mong
847159685,Sai Kung
847202174,Sai Kung
847391419,Yau Tsim Mong
847393548,Yau Tsim Mong
847412344,Yau Tsim Mong
852562338,Yau Tsim Mong
852623433,Yau Tsim Mong
852669035,Yau Tsim Mong
855773469,Tsuen Wan
855773701,Tsuen Wan
856161803,Tsuen Wan
856274582,Tsuen Wan
856467869,Tsuen Wan
856467929,Tsuen Wan
856468739,Tsuen Wan
856524956,Tsuen Wan
856542900,Tsuen Wan
856547094,Tsuen Wan
856556167,Tsuen Wan
856628745,Tsuen Wan
856635085,Tsuen Wan
856730975,Tsuen Wan
856862243,Yau Tsim Mong
856880209,Tsuen Wan
856877111,Tsuen Wan
857188786,North
857188776,North
857188810,North
857201024,Sai Kung
857228982,Sai Kung
857232695,Tsuen Wan
857257444,Sai Kung
857353549,Yau Tsim Mong
857378874,Tsuen Wan
857389064,Tsuen Wan
857392666,Yau Tsim Mong
857396931,Tai Po
857397284,Tai Po
857418159,Yau Tsim Mong
857434708,Yau Tsim Mong
857437616,Yau Tsim Mong
857458999,Yau Tsim Mong
857483681,Yau Tsim Mong
857507658,Yau Tsim Mong
857521993,Tai Po
857522544,Tai Po
857563563,Yau Tsim Mong
857770237,Yau Tsim Mong
857771079,Yau Tsim Mong
857852987,Tai Po
857851706,Yau Tsim Mong
857851881,Yau Tsim Mong
857897047,Yau Tsim Mong
857910542,Yau Tsim Mong
857919294,Yau Tsim Mong
857926694,Yau Tsim Mong
859308739,Kwun Tong
859309531,Kwun Tong
859329385,Kwun Tong
859403810,Eastern
859456237,Yau Tsim Mong
859464635,Yau Tsim Mong
859740677,Central and Western
859903396,Eastern
859968970,Kwun Tong
859969197,Kwun Tong
860098416,Eastern
860183381,Sai Kung
860191826,Sai Kung
860217824,Sai Kung
860211105,Eastern
860232311,Yau Tsim Mong
860236137,Yau Tsim Mong
860247816,Yau Tsim Mong
860256427,Yau Tsim Mong
860427957,Yuen Long
860388566,Sai Kung
860460338,Sha Tin
860527525,Sai Kung
860530010,Yau Tsim Mong
860530102,Sha Tin
860534846,Yau Tsim Mong
860548284,Kwun Tong
860583897,Yau Tsim Mong
860590583,Yau Tsim Mong
860601754,Yau Tsim Mong
860653229,Central and Western
860655048,Central and Western
860689765,Yau Tsim Mong
860766162,Sha Tin
860810035,North
860810270,North
860834864,Central and Western
860835008,Central and Western
860863010,Central and Western
860864775,Central and Western
860930864,Sha Tin
861014974,Tai Po
861007395,Tai Po
861062293,Sha Tin
861102438,Sha Tin
861112303,Tai Po
861116638,Sha Tin
861145089,Kwai Tsing
861147395,Kwai Tsing
861152843,Kwai Tsing
861194721,Tai Po
861198626,Kwai Tsing
861247015,Sha Tin
861268460,Tai Po
861284122,Tai Po
861329155,Central and Western
861345859,Tai Po
861352155,Yau Tsim Mong
861470385,Tai Po
861442093,Tai Po
861525998,Tai Po
861536690,Tai Po
861564409,North
861569940,Tai Po
861576550,Tai Po
861597862,Tai Po
861681462,Tai Po
861749917,Yuen Long
861763369,Wan Chai
861819048,Yau Tsim Mong
861820075,Yau Tsim Mong
861834551,Yau Tsim Mong
861877497,Yau Tsim Mong
861879104,Yau Tsim Mong
861880078,Yau Tsim Mong
861885640,Yau Tsim Mong
861915300,Wan Chai
861927616,Wan Chai
862036799,North
862056448,Eastern
862062708,Eastern
862068313,Eastern
862072427,Wan Chai
862073114,Wan Chai
862110192,Eastern
862116771,Wan Chai
862238256,Yau Tsim Mong
862255717,Yau Tsim Mong
862272273,Yau Tsim Mong
862345837,Yau Tsim Mong
862347740,Yau Tsim Mong
862357753,Yau Tsim Mong
862358751,Yau Tsim Mong
862365654,Yau Tsim Mong
862366221,Yau Tsim Mong
862377625,Yau Tsim Mong
862401570,Yau Tsim Mong
862436530,Yau Tsim Mong
862493578,Yau Tsim Mong
862488309,Yau Tsim Mong
862521074,Yau Tsim Mong
862521766,Yau Tsim Mong
862524141,Yau Tsim Mong
862589052,Yau Tsim Mong
862597607,Yau Tsim Mong
862604251,Tuen Mun
862622332,North
862626823,Yau Tsim Mong
862642049,Yau Tsim Mong
862693240,Yau Tsim Mong
862693659,Yau Tsim Mong
862694000,Yau Tsim Mong
862695531,Yau Tsim Mong
862698194,Yau Tsim Mong
862700343,Tuen Mun
862716935,Tuen Mun
862719627,Tuen Mun
862723273,Yau Tsim Mong
862744419,Yau Tsim Mong
862745306,Yau Tsim Mong
862746155,Yau Tsim Mong
862749042,Sai Kung
862750484,Sai Kung
862762017,Sai Kung
862766028,Yau Tsim Mong
862779667,Yau Tsim Mong
862844504,Yau Tsim Mong
862865973,Yau Tsim Mong
862876707,Yau Tsim Mong
862881531,Tuen Mun
862909181,Yau Tsim Mong
862912181,Tuen Mun
862938632,Yau Tsim Mong
862938374,Yau Tsim Mong
862954006,Yau Tsim Mong
862953743,Yau Tsim Mong
862969851,Yau Tsim Mong
862989003,Yau Tsim Mong
863001794,Yau Tsim Mong
863016786,Yau Tsim Mong
863027128,Eastern
863031953,Tuen Mun
863048003,Tuen Mun
863053024,Tuen Mun
863186766,Yau Tsim Mong
863186910,Yau Tsim Mong
863189188,Yau Tsim Mong
863232166,Yau Tsim Mong
863234379,Yau Tsim Mong
863236109,Yau Tsim Mong
863248995,Yau Tsim Mong
864947939,Sham Shui Po
864973853,Sham Shui Po
865062808,Sham Shui Po
865064876,Sham Shui Po
865725151,Sham Shui Po
865743081,Sham Shui Po
866142573,Sham Shui Po
866594818,Tai Po
866595707,Tai Po
866597015,Tai Po
866640683,Tai Po
866649370,Tai Po
866653855,Tai Po
866738341,Sha Tin
866750298,Sha Tin
866753410,Sha Tin
866793060,Central and Western
866793852,Central and Western
866794287,Central and Western
866837534,Sha Tin
866860733,Sha Tin
866869335,Sha Tin
867091510,Tai Po
867092323,Tai Po
867110055,Central and Western
867111166,Central and Western
867114600,Central and Western
867127302,Tai Po
867127956,Tai Po
867132181,Central and Western
867132477,Central and Western
867133554,Central and Western
867181281,Tai Po
867188561,Tai Po
867248148,Sha Tin
867248821,Sha Tin
867598717,Yau Tsim Mong
867601081,Yau Tsim Mong
867634220,Yau Tsim Mong
867637592,Yau Tsim Mong
867656130,Yau Tsim Mong
867658127,Yau Tsim Mong
867670857,Yau Tsim Mong
867681725,Yau Tsim Mong
867768150,Sha Tin
867708753,Sha Tin
867722302,Sha Tin
867725818,Sha Tin
867725868,Sha Tin
867743022,Sha Tin
867746134,Yau Tsim Mong
867745696,Yau Tsim Mong
867747265,Yau Tsim Mong
867757236,Sha Tin
867768993,Sha Tin
867780039,Yau Tsim Mong
867782005,Sha Tin
867782118,Sha Tin
867817515,Sha Tin
867826885,Yau Tsim Mong
867832050,Yau Tsim Mong
867850851,Sha Tin
867833757,Sha Tin
867882379,Yau Tsim Mong
867879210,Sha Tin
867909925,Sha Tin
867957148,Yau Tsim Mong
867957252,Yau Tsim Mong
867982648,Tai Po
868113491,Tsuen Wan
868107773,Yau Tsim Mong
868111503,Sha Tin
868119267,Sha Tin
868117641,Yau Tsim Mong
868149536,Sha Tin
868165531,Sha Tin
868376363,Yuen Long
868275922,Southern
868275395,Southern
868292576,Yau Tsim Mong
868294148,Yuen Long
868294706,Yuen Long
868297988,Sai Kung
868313271,Eastern
868342294,Sham Shui Po
868347919,Sha Tin
868349496,Tai Po
868354596,Sha Tin
868356104,Yau Tsim Mong
868356593,Sha Tin
868364306,Tai Po
868364970,Yau Tsim Mong
868370661,Kwai Tsing
868373335,Tsuen Wan
868375850,Southern
868377852,Yuen Long
868385542,Tai Po
868385844,Tai Po
868386042,Tai Po
868387648,Tai Po
868388113,Kowloon City
868390863,Eastern
868392536,Yuen Long
868394464,Kowloon City
868396019,Eastern
868402008,Eastern
868402730,Tsuen Wan
868418817,Yuen Long
868413241,Tsuen Wan
868416673,Sha Tin
868437266,Tsuen Wan
868423484,Yau Tsim Mong
868435392,Yau Tsim Mong
868440274,Kwai Tsing
868446584,North
868451455,Tuen Mun
868458854,North
868460541,Yau Tsim Mong
868472940,Yau Tsim Mong
868496427,Tsuen Wan
868478160,Tuen Mun
868488465,Tsuen Wan
868493338,Tai Po
868513854,Tuen Mun
868515500,Tai Po
868515597,Yau Tsim Mong
868516971,Yau Tsim Mong
868517898,Yau Tsim Mong
868519983,Yuen Long
868522266,Southern
868525018,Tai Po
868529101,Tsuen Wan
868557418,Tai Po
868563837,Tai Po
868570324,Tai Po
868585994,Tai Po
868601594,Tsuen Wan
868594855,Tai Po
868615184,Tsuen Wan
868613876,Sha Tin
868621490,Tsuen Wan
868612976,Yau Tsim Mong
868625630,Tsuen Wan
868628296,Yau Tsim Mong
868636119,Tai Po
868648891,Kwun Tong
868651835,Kwun Tong
868713056,Sham Shui Po
868656631,Kwun Tong
868657909,Sham Shui Po
868659954,Kwun Tong
868659131,Yau Tsim Mong
868661359,Kwun Tong
868671661,Yau Tsim Mong
868667660,Kwun Tong
868692217,Sham Shui Po
868678773,Sham Shui Po
868710718,Sham Shui Po
868708408,Yau Tsim Mong
868722281,Tuen Mun
868738883,Sai Kung
868740607,Yuen Long
868741134,Yuen Long
868741286,Yuen Long
868758909,Kwun Tong
868782525,Yau Tsim Mong
868807310,Sai Kung
868811157,Tuen Mun
868819884,Yau Tsim Mong
868831865,Yau Tsim Mong
868845482,Sha Tin
868856066,Sai Kung
868857826,Islands
868883214,Tai Po
868885852,Yau Tsim Mong
868913207,Eastern
868903394,Eastern
868903515,Tai Po
868933395,Eastern
868917654,Yuen Long
868920348,Yuen Long
868924509,Yuen Long
868928032,Kwai Tsing
868929506,Kwai Tsing
868930724,Yuen Long
868931557,Kwai Tsing
868931979,Kwai Tsing
868943855,Tai Po
868945111,Tai Po
868946905,Kwai Tsing
868952979,Sha Tin
868958644,Tai Po
868964153,Kwai Tsing
868968146,Kwun Tong
868969663,Kwun Tong
868966298,Kwai Tsing
868980203,Yuen Long
868970997,Kwun Tong
868979804,Sha Tin
868979925,Yau Tsim Mong
869014429,Yau Tsim Mong
868998137,Kwun Tong
869000452,Tai Po
869039836,Kwun Tong
869020028,Kwun Tong
869044489,Yau Tsim Mong
869048024,Yau Tsim Mong
869046530,Sha Tin
869046756,Yau Tsim Mong
869046939,Yau Tsim Mong
869047227,Yau Tsim Mong
869053759,Yau Tsim Mong
869049813,Sha Tin
869050754,Yau Tsim Mong
869053482,Kwun Tong
869053529,Yau Tsim Mong
869053762,Yau Tsim Mong
869054673,Yau Tsim Mong
869055442,Kwun Tong
869055488,Kwai Tsing
869058094,Kwai Tsing
869060381,Yau Tsim Mong
869061055,Kwun Tong
869065352,Kwun Tong
869066211,Yau Tsim Mong
869066775,Kwai Tsing
869070739,Yau Tsim Mong
869083184,Yau Tsim Mong
869099309,Tai Po
869107283,Kwai Tsing
869114785,Kwai Tsing
869154754,Yau Tsim Mong
869194253,Tai Po
869205366,Tai Po
869212775,Tai Po
869238211,Tai Po
869244311,Tai Po
869266343,Tai Po
869277607,Tai Po
869289329,Islands
869296203,Kwun Tong
869296885,Islands
869414607,Yuen Long
869507840,Yau Tsim Mong
869511490,Yau Tsim Mong
869519027,Yau Tsim Mong
869522790,Kwai Tsing
869529253,Yau Tsim Mong
869538723,Yau Tsim Mong
869539764,Yau Tsim Mong
869882523,Yau Tsim Mong
871631030,North
871631592,North
871631938,North
871666912,Kwun Tong
871760283,North
871813107,North
871831440,Kwun Tong
871856317,Kwun Tong
872243577,Tai Po
872238668,Tai Po
872241640,Tai Po
872130301,Sha Tin
872171086,Tai Po
872327998,Tai Po
872328330,Tai Po
872376674,Tai Po
872625229,Tai Po
872667500,Tai Po
872684441,Tai Po
872713740,Tai Po
872748032,Tai Po
872740643,Tai Po
872767077,Tai Po
872778994,Tai Po
872779133,Tai Po
872809101,Tai Po
873134390,Kwun Tong
873259346,Yau Tsim Mong
873259949,Yau Tsim Mong
873272633,Yau Tsim Mong
873432214,Eastern
873435100,Eastern
873480108,Eastern
873511199,Tuen Mun
873508811,Tuen Mun
873510220,Yau Tsim Mong
873510248,Yau Tsim Mong
873511421,Yau Tsim Mong
873543116,Eastern
873544719,Tuen Mun
873569493,Tuen Mun
873593815,Eastern
873610555,Yuen Long
873610701,Yau Tsim Mong
873615065,Tuen Mun
873627179,Yuen Long
873628892,Tai Po
873641579,Tai Po
873641662,Tai Po
873657182,Tuen Mun
873657356,Tai Po
873658492,Tuen Mun
873668874,Yuen Long
873673807,Kwun Tong
873702035,Sha Tin
873688923,Sha Tin
873696395,Tuen Mun
873705243,Tuen Mun
873716636,Yuen Long
873765888,Yuen Long
873766956,Yau Tsim Mong
873770505,Kwai Tsing
873785775,Yuen Long
873800702,Tuen Mun
873804504,Yuen Long
873811600,Kwai Tsing
873812692,Yuen Long
873849395,Kwai Tsing
873851816,Kwai Tsing
873867280,Kwai Tsing
873876009,North
873884885,Yuen Long
873885812,North
873912064,North
873918332,Southern
873918450,Kwai Tsing
873920448,Southern
873922188,Kwai Tsing
873922406,Southern
873945092,Yuen Long
873956354,Sham Shui Po
873954314,Tuen Mun
873949570,Tuen Mun
873955962,Yuen Long
873962990,Sha Tin
873975213,Tuen Mun
873991534,Tuen Mun
874001092,Sha Tin
873994577,Yuen Long
874006008,Sha Tin
874010048,Yau Tsim Mong
874011144,Tuen Mun
874016430,Yuen Long
874038400,Yuen Long
874034506,Yuen Long
874035320,Sha Tin
874035851,Yuen Long
874046444,Yuen Long
874070753,Yuen Long
874074008,Sha Tin
874091627,Sai Kung
874091881,Sai Kung
874091849,Sai Kung
874111199,Yuen Long
874114722,Sha Tin
874135004,Tuen Mun
874139472,Sha Tin
874139962,Sha Tin
874153386,Kwai Tsing
874182158,Kwai Tsing
874186981,Kwai Tsing
874193200,Yuen Long
874221394,Yau Tsim Mong
874238506,Yau Tsim Mong
874239349,Yau Tsim Mong
874264336,Yuen Long
874277217,Yuen Long
874271051,Yuen Long
874275235,Kwai Tsing
874278479,Yuen Long
874278620,Yuen Long
874278879,Yuen Long
874280856,Kwai Tsing
874284070,Yuen Long
874297102,Yuen Long
874293162,Sha Tin
874303728,Yuen Long
874311410,Yau Tsim Mong
874381317,Yau Tsim Mong
874354125,Yau Tsim Mong
874356393,Yau Tsim Mong
874356943,Yuen Long
874361200,Yau Tsim Mong
874363893,Yau Tsim Mong
874366305,Yau Tsim Mong
874441600,Kwai Tsing
874483346,Yuen Long
874484666,Yuen Long
874524992,Yau Tsim Mong
874547445,Sha Tin
874604413,Yuen Long
874606593,Yuen Long
874611410,Yuen Long
874653297,Yau Tsim Mong
874653384,Yau Tsim Mong
874653604,Yau Tsim Mong
876130727,Yau Tsim Mong
876174713,Yau Tsim Mong
876377642,Yau Tsim Mong
878575351,North
879063462,Tsuen Wan
879064547,Tsuen Wan
879096414,Yau Tsim Mong
879140200,Tuen Mun
879206693,Tuen Mun
879240302,Tuen Mun
879256640,Tuen Mun
879275456,Tuen Mun
879282687,Yau Tsim Mong
879291272,Yau Tsim Mong
879297719,Yau Tsim Mong
879297713,Yau Tsim Mong
879310097,Yau Tsim Mong
879313262,Tuen Mun
879313549,Yau Tsim Mong
879317020,Yau Tsim Mong
879322988,Yau Tsim Mong
879332634,Yau Tsim Mong
879345105,Tuen Mun
879338456,Tuen Mun
879343573,Tuen Mun
879379157,Tuen Mun
879440239,Tuen Mun
879464597,Tuen Mun
879486032,Tuen Mun
879615382,Southern
879616274,Southern
879623583,Eastern
879652182,Eastern
879656390,Eastern
879661675,Southern
879702215,Kwai Tsing
879706416,Kwai Tsing
879708761,Kwai Tsing
879718936,Kwai Tsing
879741351,Yuen Long
879774878,Yuen Long
879785220,Yau Tsim Mong
879810580,Yau Tsim Mong
879812408,Kwai Tsing
879851950,Yau Tsim Mong
879876339,Kwai Tsing
879864168,Kwai Tsing
879882209,Kwai Tsing
879884901,Kwai Tsing
880075846,Yau Tsim Mong
880076864,Yau Tsim Mong
880078301,Yau Tsim Mong
880078453,Yau Tsim Mong
880081622,Yau Tsim Mong
880087886,Yau Tsim Mong
880102993,Yau Tsim Mong
880138924,Kwai Tsing
880236687,Yuen Long
880428738,Yau Tsim Mong
880448976,Yau Tsim Mong
880479843,Yau Tsim Mong
880480963,Yau Tsim Mong
884588639,Yau Tsim Mong
884758948,Yau Tsim Mong
884748849,Yau Tsim Mong
884751486,Yau Tsim Mong
884758831,Yau Tsim Mong
884788910,Yau Tsim Mong
884792149,Yau Tsim Mong
884794442,Yau Tsim Mong
884796963,Yau Tsim Mong
884845836,Yau Tsim Mong
884952963,North
884989408,North
885056315,North
885055609,North
885075130,North
885491415,Yau Tsim Mong
885509372,Yau Tsim Mong
885525124,Yau Tsim Mong
885525593,Yau Tsim Mong
885548614,Yau Tsim Mong
885573570,Yau Tsim Mong
885580559,Yau Tsim Mong
885588222,Yau Tsim Mong
885594066,Yau Tsim Mong
885592769,Yau Tsim Mong
885693035,Yau Tsim Mong
885693372,Yau Tsim Mong
885738692,Yau Tsim Mong
885969314,Yau Tsim Mong
885969417,Yau Tsim Mong
885976425,Yau Tsim Mong
885977605,Yau Tsim Mong